-- MySQL dump 10.13  Distrib 9.2.0, for macos14.7 (arm64)
--
-- Host: localhost    Database: petclinic
-- ------------------------------------------------------
-- Server version	9.2.0

/*!40101 SET @OLD_CHARACTER_SET_CLIENT=@@CHARACTER_SET_CLIENT */;
/*!40101 SET @OLD_CHARACTER_SET_RESULTS=@@CHARACTER_SET_RESULTS */;
/*!40101 SET @OLD_COLLATION_CONNECTION=@@COLLATION_CONNECTION */;
/*!50503 SET NAMES utf8mb4 */;
/*!40103 SET @OLD_TIME_ZONE=@@TIME_ZONE */;
/*!40103 SET TIME_ZONE='+00:00' */;
/*!40014 SET @OLD_UNIQUE_CHECKS=@@UNIQUE_CHECKS, UNIQUE_CHECKS=0 */;
/*!40014 SET @OLD_FOREIGN_KEY_CHECKS=@@FOREIGN_KEY_CHECKS, FOREIGN_KEY_CHECKS=0 */;
/*!40101 SET @OLD_SQL_MODE=@@SQL_MODE, SQL_MODE='NO_AUTO_VALUE_ON_ZERO' */;
/*!40111 SET @OLD_SQL_NOTES=@@SQL_NOTES, SQL_NOTES=0 */;

--
-- Table structure for table `owners`
--

DROP TABLE IF EXISTS `owners`;
/*!40101 SET @saved_cs_client     = @@character_set_client */;
/*!50503 SET character_set_client = utf8mb4 */;
CREATE TABLE `owners` (
  `id` bigint NOT NULL AUTO_INCREMENT,
  `address` varchar(255) DEFAULT NULL,
  `city` varchar(255) DEFAULT NULL,
  `first_name` varchar(255) DEFAULT NULL,
  `last_name` varchar(255) DEFAULT NULL,
  `telephone` varchar(255) DEFAULT NULL,
  PRIMARY KEY (`id`)
) ENGINE=InnoDB AUTO_INCREMENT=4 DEFAULT CHARSET=utf8mb4 COLLATE=utf8mb4_0900_ai_ci;
/*!40101 SET character_set_client = @saved_cs_client */;

--
-- Dumping data for table `owners`
--

LOCK TABLES `owners` WRITE;
/*!40000 ALTER TABLE `owners` DISABLE KEYS */;
INSERT INTO `owners` VALUES (1,'string','string','string','string','string'),(2,'110 W. Liberty St.','Madison','George','Franklin','01012343502'),(3,'70, Gyeonginnam-gil 30beon-gil, Michuhol-gu, Incheon','Incheon','ㅣㅣSEUNGJUN','LEE','01095753502');
/*!40000 ALTER TABLE `owners` ENABLE KEYS */;
UNLOCK TABLES;

--
-- Table structure for table `pets`
--

DROP TABLE IF EXISTS `pets`;
/*!40101 SET @saved_cs_client     = @@character_set_client */;
/*!50503 SET character_set_client = utf8mb4 */;
CREATE TABLE `pets` (
  `id` bigint NOT NULL AUTO_INCREMENT,
  `birth_date` date DEFAULT NULL,
  `name` varchar(255) DEFAULT NULL,
  `type` varchar(255) DEFAULT NULL,
  `owner_id` bigint NOT NULL,
  PRIMARY KEY (`id`),
  KEY `FK6teg4kcjcnjhduguft56wcfoa` (`owner_id`),
  CONSTRAINT `FK6teg4kcjcnjhduguft56wcfoa` FOREIGN KEY (`owner_id`) REFERENCES `owners` (`id`)
) ENGINE=InnoDB AUTO_INCREMENT=6 DEFAULT CHARSET=utf8mb4 COLLATE=utf8mb4_0900_ai_ci;
/*!40101 SET character_set_client = @saved_cs_client */;

--
-- Dumping data for table `pets`
--

LOCK TABLES `pets` WRITE;
/*!40000 ALTER TABLE `pets` DISABLE KEYS */;
INSERT INTO `pets` VALUES (1,'2025-03-13','string','DOG',1),(2,'2025-03-13','string','DOG',1),(3,'2025-03-13','string','DOG',1),(4,'2025-03-03','달이','DOG',3),(5,'2025-03-22','몽이','DOG',3);
/*!40000 ALTER TABLE `pets` ENABLE KEYS */;
UNLOCK TABLES;

--
-- Table structure for table `specialties`
--

DROP TABLE IF EXISTS `specialties`;
/*!40101 SET @saved_cs_client     = @@character_set_client */;
/*!50503 SET character_set_client = utf8mb4 */;
CREATE TABLE `specialties` (
  `id` int unsigned NOT NULL AUTO_INCREMENT,
  `name` varchar(80) DEFAULT NULL,
  PRIMARY KEY (`id`),
  KEY `name` (`name`)
) ENGINE=InnoDB AUTO_INCREMENT=4 DEFAULT CHARSET=utf8mb4 COLLATE=utf8mb4_0900_ai_ci;
/*!40101 SET character_set_client = @saved_cs_client */;

--
-- Dumping data for table `specialties`
--

LOCK TABLES `specialties` WRITE;
/*!40000 ALTER TABLE `specialties` DISABLE KEYS */;
INSERT INTO `specialties` VALUES (3,'dentistry'),(1,'radiology'),(2,'surgery');
/*!40000 ALTER TABLE `specialties` ENABLE KEYS */;
UNLOCK TABLES;

--
-- Table structure for table `vet_specialties`
--

DROP TABLE IF EXISTS `vet_specialties`;
/*!40101 SET @saved_cs_client     = @@character_set_client */;
/*!50503 SET character_set_client = utf8mb4 */;
CREATE TABLE `vet_specialties` (
  `vet_id` int unsigned NOT NULL,
  `specialty_id` int unsigned NOT NULL,
  UNIQUE KEY `vet_id` (`vet_id`,`specialty_id`),
  KEY `specialty_id` (`specialty_id`),
  CONSTRAINT `vet_specialties_ibfk_1` FOREIGN KEY (`vet_id`) REFERENCES `vets` (`id`),
  CONSTRAINT `vet_specialties_ibfk_2` FOREIGN KEY (`specialty_id`) REFERENCES `specialties` (`id`)
) ENGINE=InnoDB DEFAULT CHARSET=utf8mb4 COLLATE=utf8mb4_0900_ai_ci;
/*!40101 SET character_set_client = @saved_cs_client */;

--
-- Dumping data for table `vet_specialties`
--

LOCK TABLES `vet_specialties` WRITE;
/*!40000 ALTER TABLE `vet_specialties` DISABLE KEYS */;
INSERT INTO `vet_specialties` VALUES (2,1),(5,1),(3,2),(4,2),(3,3);
/*!40000 ALTER TABLE `vet_specialties` ENABLE KEYS */;
UNLOCK TABLES;

--
-- Table structure for table `vets`
--

DROP TABLE IF EXISTS `vets`;
/*!40101 SET @saved_cs_client     = @@character_set_client */;
/*!50503 SET character_set_client = utf8mb4 */;
CREATE TABLE `vets` (
  `id` int unsigned NOT NULL AUTO_INCREMENT,
  `first_name` varchar(30) DEFAULT NULL,
  `last_name` varchar(30) DEFAULT NULL,
  PRIMARY KEY (`id`),
  KEY `last_name` (`last_name`)
) ENGINE=InnoDB AUTO_INCREMENT=7 DEFAULT CHARSET=utf8mb4 COLLATE=utf8mb4_0900_ai_ci;
/*!40101 SET character_set_client = @saved_cs_client */;

--
-- Dumping data for table `vets`
--

LOCK TABLES `vets` WRITE;
/*!40000 ALTER TABLE `vets` DISABLE KEYS */;
INSERT INTO `vets` VALUES (1,'James','Carter'),(2,'Helen','Leary'),(3,'Linda','Douglas'),(4,'Rafael','Ortega'),(5,'Henry','Stevens'),(6,'Sharon','Jenkins');
/*!40000 ALTER TABLE `vets` ENABLE KEYS */;
UNLOCK TABLES;
/*!40103 SET TIME_ZONE=@OLD_TIME_ZONE */;

/*!40101 SET SQL_MODE=@OLD_SQL_MODE */;
/*!40014 SET FOREIGN_KEY_CHECKS=@OLD_FOREIGN_KEY_CHECKS */;
/*!40014 SET UNIQUE_CHECKS=@OLD_UNIQUE_CHECKS */;
/*!40101 SET CHARACTER_SET_CLIENT=@OLD_CHARACTER_SET_CLIENT */;
/*!40101 SET CHARACTER_SET_RESULTS=@OLD_CHARACTER_SET_RESULTS */;
/*!40101 SET COLLATION_CONNECTION=@OLD_COLLATION_CONNECTION */;
/*!40111 SET SQL_NOTES=@OLD_SQL_NOTES */;

-- Dump completed on 2025-03-13 20:14:32
